Variedad;Bloque;Rendimiento
Spunta;Bloque1_Seco;28,5
Spunta;Bloque2_Lomelio;30,1
Spunta;Bloque3_Humedo;32,4
Spunta;Bloque4_Saturado;26,8
Desiree;Bloque1_Seco;22,1
Desiree;Bloque2_Lomelio;24,3
Desiree;Bloque3_Humedo;26,5
Desiree;Bloque4_Saturado;20,8
Kennebec;Bloque1_Seco;35,4
Kennebec;Bloque2_Lomelio;37,8
Kennebec;Bloque3_Humedo;39,1
Kennebec;Bloque4_Saturado;33,2
Spunta;Bloque1_Seco;29,1
Spunta;Bloque2_Lomelio;30,8
Spunta;Bloque3_Humedo;31,9
Spunta;Bloque4_Saturado;27,2
Desiree;Bloque1_Seco;23,4
Desiree;Bloque2_Lomelio;25
Desiree;Bloque3_Humedo;25,8
Desiree;Bloque4_Saturado;21,3
Kennebec;Bloque1_Seco;34,9
Kennebec;Bloque2_Lomelio;36,5
Kennebec;Bloque3_Humedo;38,2
Kennebec;Bloque4_Saturado;34
Spunta;Bloque1_Seco;27,9
Spunta;Bloque2_Lomelio;29,5
Spunta;Bloque3_Humedo;33,1
Spunta;Bloque4_Saturado;26
Desiree;Bloque1_Seco;21,8
Desiree;Bloque2_Lomelio;24
Desiree;Bloque3_Humedo;26,1
Desiree;Bloque4_Saturado;20,2
Kennebec;Bloque1_Seco;36
Kennebec;Bloque2_Lomelio;37,1
Kennebec;Bloque3_Humedo;39,7
Kennebec;Bloque4_Saturado;32,8
Spunta;Bloque1_Seco;28,8
Spunta;Bloque2_Lomelio;30,4
Spunta;Bloque3_Humedo;32
Spunta;Bloque4_Saturado;26,5
Desiree;Bloque1_Seco;22,5
Desiree;Bloque2_Lomelio;24,7
Desiree;Bloque3_Humedo;26,9
Desiree;Bloque4_Saturado;20,5
Kennebec;Bloque1_Seco;35,1
Kennebec;Bloque2_Lomelio;37,4
Kennebec;Bloque3_Humedo;38,9
Kennebec;Bloque4_Saturado;33,5
Spunta;Bloque1_Seco;28,2
Spunta;Bloque2_Lomelio;29,9
Spunta;Bloque3_Humedo;32,7
Spunta;Bloque4_Saturado;27,1
Desiree;Bloque1_Seco;22,9
Desiree;Bloque2_Lomelio;24,1
Desiree;Bloque3_Humedo;26,3
Desiree;Bloque4_Saturado;21
Kennebec;Bloque1_Seco;35,7
Kennebec;Bloque2_Lomelio;38
Kennebec;Bloque3_Humedo;39,4
Kennebec;Bloque4_Saturado;33
Spunta;Bloque1_Seco;28,6
Spunta;Bloque2_Lomelio;30,3
Spunta;Bloque3_Humedo;32,2
Spunta;Bloque4_Saturado;26,9
Desiree;Bloque1_Seco;22,3
Desiree;Bloque2_Lomelio;24,5
Desiree;Bloque3_Humedo;26,4
Desiree;Bloque4_Saturado;20,7
Kennebec;Bloque1_Seco;35,5
Kennebec;Bloque2_Lomelio;37,6
Kennebec;Bloque3_Humedo;39,2
Kennebec;Bloque4_Saturado;33,3
Spunta;Bloque1_Seco;29
Spunta;Bloque2_Lomelio;30,7
Spunta;Bloque3_Humedo;32,1
Spunta;Bloque4_Saturado;27
Desiree;Bloque1_Seco;23,1
Desiree;Bloque2_Lomelio;24,9
Desiree;Bloque3_Humedo;25,9
Desiree;Bloque4_Saturado;21,1
Kennebec;Bloque1_Seco;35
Kennebec;Bloque2_Lomelio;36,8
Kennebec;Bloque3_Humedo;38,4
Kennebec;Bloque4_Saturado;33,9
Spunta;Bloque1_Seco;28,1
Spunta;Bloque2_Lomelio;29,7
Spunta;Bloque3_Humedo;32,9
Spunta;Bloque4_Saturado;26,2
Desiree;Bloque1_Seco;22
Desiree;Bloque2_Lomelio;24,2
Desiree;Bloque3_Humedo;26,2
Desiree;Bloque4_Saturado;20,4
Kennebec;Bloque1_Seco;35,8
Kennebec;Bloque2_Lomelio;37,3
Kennebec;Bloque3_Humedo;39,5
Kennebec;Bloque4_Saturado;32,9
Spunta;Bloque1_Seco;28,7
Spunta;Bloque2_Lomelio;30,5
Spunta;Bloque3_Humedo;32,3
Spunta;Bloque4_Saturado;26,7
Desiree;Bloque1_Seco;22,7
Desiree;Bloque2_Lomelio;24,6
Desiree;Bloque3_Humedo;26,7
Desiree;Bloque4_Saturado;20,6
Kennebec;Bloque1_Seco;35,3
Kennebec;Bloque2_Lomelio;37,2
Kennebec;Bloque3_Humedo;38,7
Kennebec;Bloque4_Saturado;33,7
Spunta;Bloque1_Seco;28,4
Spunta;Bloque2_Lomelio;30,1
Spunta;Bloque3_Humedo;32,5
Spunta;Bloque4_Saturado;26,9
Desiree;Bloque1_Seco;22,6
Desiree;Bloque2_Lomelio;24,4
Desiree;Bloque3_Humedo;26,6
Desiree;Bloque4_Saturado;20,9
Kennebec;Bloque1_Seco;35,5
Kennebec;Bloque2_Lomelio;37,9
Kennebec;Bloque3_Humedo;39,3
Kennebec;Bloque4_Saturado;33,1