Bloque,Fungicida,Rendimiento_kgha
Bloque_1_Norte,Control,1375.4
Bloque_1_Norte,Fungicida_A,1689.2
Bloque_1_Norte,Fungicida_B,1895.7
Bloque_1_Norte,Fungicida_C,2048.3
Bloque_1_Norte,Fungicida_D,2243.6
Bloque_2_CentroN,Control,1441.8
Bloque_2_CentroN,Fungicida_A,1762.5
Bloque_2_CentroN,Fungicida_B,1921.4
Bloque_2_CentroN,Fungicida_C,2127.9
Bloque_2_CentroN,Fungicida_D,2318.2
Bloque_3_CentroS,Control,1518.3
Bloque_3_CentroS,Fungicida_A,1843.7
Bloque_3_CentroS,Fungicida_B,2001.5
Bloque_3_CentroS,Fungicida_C,2198.6
Bloque_3_CentroS,Fungicida_D,2402.1
Bloque_4_Sur,Control,1592.7
Bloque_4_Sur,Fungicida_A,1918.4
Bloque_4_Sur,Fungicida_B,2087.3
Bloque_4_Sur,Fungicida_C,2284.5
Bloque_4_Sur,Fungicida_D,2481.9
