Bloque_Semana,Variedad,Rendimiento_tha
Semana_1,Var_Criolla,3.087
Semana_1,Var_Intermedia_1,3.612
Semana_1,Var_Intermedia_2,4.198
Semana_1,Var_Mejorada,4.742
Semana_2,Var_Criolla,3.452
Semana_2,Var_Intermedia_1,3.987
Semana_2,Var_Intermedia_2,4.576
Semana_2,Var_Mejorada,5.113
Semana_3,Var_Criolla,3.784
Semana_3,Var_Intermedia_1,4.302
Semana_3,Var_Intermedia_2,4.897
Semana_3,Var_Mejorada,5.421
Semana_4,Var_Criolla,3.963
Semana_4,Var_Intermedia_1,4.518
Semana_4,Var_Intermedia_2,5.124
Semana_4,Var_Mejorada,5.658
Semana_5,Var_Criolla,4.152
Semana_5,Var_Intermedia_1,4.731
Semana_5,Var_Intermedia_2,5.302
Semana_5,Var_Mejorada,5.891
